<?xml version="1.0" encoding="UTF-8"?>
<!DOCTYPE MudletPackage>
<MudletPackage version="1.001">
	<TriggerPackage>
		<TriggerGroup isActive="yes" isFolder="yes" isTempTrigger="no" isMultiline="no" isPerlSlashGOption="no" isColorizerTrigger="no" isFilterTrigger="no" isSoundTrigger="no" isColorTrigger="no" isColorTriggerFg="no" isColorTriggerBg="no">
			<name>skill_progress</name>
			<script></script>
			<triggerType>0</triggerType>
			<conditonLineDelta>0</conditonLineDelta>
			<mStayOpen>0</mStayOpen>
			<mCommand></mCommand>
			<packageName>skill_progress</packageName>
			<mFgColor>#ff0000</mFgColor>
			<mBgColor>#ffff00</mBgColor>
			<mSoundFile></mSoundFile>
			<colorTriggerFgColor>#000000</colorTriggerFgColor>
			<colorTriggerBgColor>#000000</colorTriggerBgColor>
			<regexCodeList />
			<regexCodePropertyList />
			<TriggerGroup isActive="yes" isFolder="yes" isTempTrigger="no" isMultiline="no" isPerlSlashGOption="no" isColorizerTrigger="no" isFilterTrigger="no" isSoundTrigger="no" isColorTrigger="no" isColorTriggerFg="no" isColorTriggerBg="no">
				<name>skill_progress_triggers</name>
				<script></script>
				<triggerType>0</triggerType>
				<conditonLineDelta>0</conditonLineDelta>
				<mStayOpen>0</mStayOpen>
				<mCommand></mCommand>
				<packageName></packageName>
				<mFgColor>#ff0000</mFgColor>
				<mBgColor>#ffff00</mBgColor>
				<mSoundFile></mSoundFile>
				<colorTriggerFgColor>#000000</colorTriggerFgColor>
				<colorTriggerBgColor>#000000</colorTriggerBgColor>
				<regexCodeList />
				<regexCodePropertyList />
				<Trigger isActive="yes" isFolder="no" isTempTrigger="no" isMultiline="no" isPerlSlashGOption="no" isColorizerTrigger="no" isFilterTrigger="no" isSoundTrigger="no" isColorTrigger="no" isColorTriggerFg="no" isColorTriggerBg="no">
					<name>skill_progress:mud_alias</name>
					<script>skill_progress:commandSent(matches[2])</script>
					<triggerType>0</triggerType>
					<conditonLineDelta>0</conditonLineDelta>
					<mStayOpen>0</mStayOpen>
					<mCommand></mCommand>
					<packageName></packageName>
					<mFgColor>#ff0000</mFgColor>
					<mBgColor>#ffff00</mBgColor>
					<mSoundFile></mSoundFile>
					<colorTriggerFgColor>#000000</colorTriggerFgColor>
					<colorTriggerBgColor>#000000</colorTriggerBgColor>
					<regexCodeList>
						<string>^ *\[(.+)\]</string>
					</regexCodeList>
					<regexCodePropertyList>
						<integer>1</integer>
					</regexCodePropertyList>
				</Trigger>
				<Trigger isActive="yes" isFolder="no" isTempTrigger="no" isMultiline="no" isPerlSlashGOption="no" isColorizerTrigger="no" isFilterTrigger="no" isSoundTrigger="no" isColorTrigger="no" isColorTriggerFg="no" isColorTriggerBg="no">
					<name>skill_progress:released</name>
					<script>skill_progress:showGlyph("locked")</script>
					<triggerType>0</triggerType>
					<conditonLineDelta>0</conditonLineDelta>
					<mStayOpen>0</mStayOpen>
					<mCommand></mCommand>
					<packageName></packageName>
					<mFgColor>#ff0000</mFgColor>
					<mBgColor>#ffff00</mBgColor>
					<mSoundFile></mSoundFile>
					<colorTriggerFgColor>#000000</colorTriggerFgColor>
					<colorTriggerBgColor>#000000</colorTriggerBgColor>
					<regexCodeList>
						<string>You aren't in touch with saidar to channel it.</string>
						<string>You aren't in touch with saidin to channel it.</string>
					</regexCodeList>
					<regexCodePropertyList>
						<integer>2</integer>
						<integer>2</integer>
					</regexCodePropertyList>
				</Trigger>
				<Trigger isActive="yes" isFolder="no" isTempTrigger="no" isMultiline="no" isPerlSlashGOption="no" isColorizerTrigger="no" isFilterTrigger="no" isSoundTrigger="no" isColorTrigger="no" isColorTriggerFg="no" isColorTriggerBg="no">
					<name>skill_progress:started</name>
					<script>if skill_progress:validateSkill() then
  skill_progress:skillStarted()
end
</script>
					<triggerType>0</triggerType>
					<conditonLineDelta>0</conditonLineDelta>
					<mStayOpen>10</mStayOpen>
					<mCommand></mCommand>
					<packageName></packageName>
					<mFgColor>#ff0000</mFgColor>
					<mBgColor>#ffff00</mBgColor>
					<mSoundFile></mSoundFile>
					<colorTriggerFgColor>#000000</colorTriggerFgColor>
					<colorTriggerBgColor>#000000</colorTriggerBgColor>
					<regexCodeList>
						<string>^ {21}</string>
					</regexCodeList>
					<regexCodePropertyList>
						<integer>1</integer>
					</regexCodePropertyList>
					<Trigger isActive="yes" isFolder="no" isTempTrigger="no" isMultiline="no" isPerlSlashGOption="no" isColorizerTrigger="no" isFilterTrigger="no" isSoundTrigger="no" isColorTrigger="no" isColorTriggerFg="no" isColorTriggerBg="no">
						<name>skill_progress:pulsed</name>
						<script>skill_progress:skillPulsed(matches[2])
</script>
						<triggerType>0</triggerType>
						<conditonLineDelta>0</conditonLineDelta>
						<mStayOpen>0</mStayOpen>
						<mCommand></mCommand>
						<packageName></packageName>
						<mFgColor>#ff0000</mFgColor>
						<mBgColor>#ffff00</mBgColor>
						<mSoundFile></mSoundFile>
						<colorTriggerFgColor>#000000</colorTriggerFgColor>
						<colorTriggerBgColor>#000000</colorTriggerBgColor>
						<regexCodeList>
							<string>^([ -=+*]{1,4})(?: {21})?$</string>
						</regexCodeList>
						<regexCodePropertyList>
							<integer>1</integer>
						</regexCodePropertyList>
					</Trigger>
					<Trigger isActive="yes" isFolder="no" isTempTrigger="no" isMultiline="no" isPerlSlashGOption="no" isColorizerTrigger="no" isFilterTrigger="no" isSoundTrigger="no" isColorTrigger="no" isColorTriggerFg="no" isColorTriggerBg="no">
						<name>skill_progress:succeeded</name>
						<script>skill_progress:skillEnded("succeeded")</script>
						<triggerType>0</triggerType>
						<conditonLineDelta>0</conditonLineDelta>
						<mStayOpen>0</mStayOpen>
						<mCommand></mCommand>
						<packageName></packageName>
						<mFgColor>#ff0000</mFgColor>
						<mBgColor>#ffff00</mBgColor>
						<mSoundFile></mSoundFile>
						<colorTriggerFgColor>#000000</colorTriggerFgColor>
						<colorTriggerBgColor>#000000</colorTriggerBgColor>
						<regexCodeList>
							<string>^Ok.</string>
							<string>^Your bash at .+ sends .+ sprawling!</string>
							<string>^.+ makes a strange sound as you place .+ in .+!</string>
							<string>^Chaaaaarrrge!! .* bleeds profusely as you skewer .+ with .+!</string>
						</regexCodeList>
						<regexCodePropertyList>
							<integer>1</integer>
							<integer>1</integer>
							<integer>1</integer>
							<integer>1</integer>
						</regexCodePropertyList>
					</Trigger>
					<Trigger isActive="yes" isFolder="no" isTempTrigger="no" isMultiline="no" isPerlSlashGOption="no" isColorizerTrigger="no" isFilterTrigger="no" isSoundTrigger="no" isColorTrigger="no" isColorTriggerFg="no" isColorTriggerBg="no">
						<name>skill_progress:failed</name>
						<script>skill_progress:skillEnded("failed")</script>
						<triggerType>0</triggerType>
						<conditonLineDelta>0</conditonLineDelta>
						<mStayOpen>0</mStayOpen>
						<mCommand></mCommand>
						<packageName></packageName>
						<mFgColor>#ff0000</mFgColor>
						<mBgColor>#ffff00</mBgColor>
						<mSoundFile></mSoundFile>
						<colorTriggerFgColor>#000000</colorTriggerFgColor>
						<colorTriggerBgColor>#000000</colorTriggerBgColor>
						<regexCodeList>
							<string>^You lost control of Saidin!</string>
							<string>^You lost control of Saidar!</string>
							<string>^You can't summon enough energy to weave the flow\.</string>
							<string>^As .+ avoids your bash, you topple over and fall to the ground!</string>
							<string>^Ooops. Your clumsy execution broadcasts your intentions\.</string>
							<string>^You can't backstab a fighting person, too alert!</string>
							<string>^Your weapon is not suitable for backstabbing\.</string>
							<string>^How can you sneak up on yourself\?</string>
							<string>^Oops. Your lame efforts cause you to miss\.</string>
							<string>^Only lancing or spear weapons can be used for charging\.</string>
							<string>^How can you charge yourself\?</string>
						</regexCodeList>
						<regexCodePropertyList>
							<integer>1</integer>
							<integer>1</integer>
							<integer>1</integer>
							<integer>1</integer>
							<integer>1</integer>
							<integer>1</integer>
							<integer>1</integer>
							<integer>1</integer>
							<integer>1</integer>
							<integer>1</integer>
							<integer>1</integer>
						</regexCodePropertyList>
					</Trigger>
					<Trigger isActive="yes" isFolder="no" isTempTrigger="no" isMultiline="no" isPerlSlashGOption="no" isColorizerTrigger="no" isFilterTrigger="no" isSoundTrigger="no" isColorTrigger="no" isColorTriggerFg="no" isColorTriggerBg="no">
						<name>skill_progress:interupted</name>
						<script>skill_progress:skillEnded("interupted")</script>
						<triggerType>0</triggerType>
						<conditonLineDelta>0</conditonLineDelta>
						<mStayOpen>0</mStayOpen>
						<mCommand></mCommand>
						<packageName></packageName>
						<mFgColor>#ff0000</mFgColor>
						<mBgColor>#ffff00</mBgColor>
						<mSoundFile></mSoundFile>
						<colorTriggerFgColor>#000000</colorTriggerFgColor>
						<colorTriggerBgColor>#000000</colorTriggerBgColor>
						<regexCodeList>
							<string>^Ouch! You couldn't maintain the flows\.</string>
							<string>^Ouch! It appears someone saw your sneak attack\.</string>
							<string>^Ouch! It appears someone beat you to an attack\.</string>
						</regexCodeList>
						<regexCodePropertyList>
							<integer>1</integer>
							<integer>1</integer>
							<integer>1</integer>
						</regexCodePropertyList>
					</Trigger>
					<Trigger isActive="yes" isFolder="no" isTempTrigger="no" isMultiline="no" isPerlSlashGOption="no" isColorizerTrigger="no" isFilterTrigger="no" isSoundTrigger="no" isColorTrigger="no" isColorTriggerFg="no" isColorTriggerBg="no">
						<name>skill_progress:canceled</name>
						<script>skill_progress:skillEnded("canceled")</script>
						<triggerType>0</triggerType>
						<conditonLineDelta>0</conditonLineDelta>
						<mStayOpen>0</mStayOpen>
						<mCommand></mCommand>
						<packageName></packageName>
						<mFgColor>#ff0000</mFgColor>
						<mBgColor>#ffff00</mBgColor>
						<mSoundFile></mSoundFile>
						<colorTriggerFgColor>#000000</colorTriggerFgColor>
						<colorTriggerBgColor>#000000</colorTriggerBgColor>
						<regexCodeList>
							<string>^Cancelled\.</string>
						</regexCodeList>
						<regexCodePropertyList>
							<integer>1</integer>
						</regexCodePropertyList>
					</Trigger>
					<Trigger isActive="yes" isFolder="no" isTempTrigger="no" isMultiline="no" isPerlSlashGOption="no" isColorizerTrigger="no" isFilterTrigger="no" isSoundTrigger="no" isColorTrigger="no" isColorTriggerFg="no" isColorTriggerBg="no">
						<name>skill_progress:missing_target</name>
						<script>skill_progress:skillEnded("missing_target")</script>
						<triggerType>0</triggerType>
						<conditonLineDelta>0</conditonLineDelta>
						<mStayOpen>0</mStayOpen>
						<mCommand></mCommand>
						<packageName></packageName>
						<mFgColor>#ff0000</mFgColor>
						<mBgColor>#ffff00</mBgColor>
						<mSoundFile></mSoundFile>
						<colorTriggerFgColor>#000000</colorTriggerFgColor>
						<colorTriggerBgColor>#000000</colorTriggerBgColor>
						<regexCodeList>
							<string>^Your target is no longer here!</string>
						</regexCodeList>
						<regexCodePropertyList>
							<integer>1</integer>
						</regexCodePropertyList>
					</Trigger>
				</Trigger>
			</TriggerGroup>
		</TriggerGroup>
	</TriggerPackage>
	<TimerPackage />
	<AliasPackage />
	<ActionPackage />
	<ScriptPackage>
		<ScriptGroup isActive="yes" isFolder="yes">
			<name>skill_progress</name>
			<packageName>skill_progress</packageName>
			<script></script>
			<eventHandlerList />
			<ScriptGroup isActive="yes" isFolder="yes">
				<name>skill_progress_scripts</name>
				<packageName></packageName>
				<script>skill_progress = skill_progress or {}
skill_progress.x = skill_progress.x or 100
skill_progress.y = skill_progress.y or 100
skill_progress.w = skill_progress.w or 100
skill_progress.h = skill_progress.h or 100

local triggerHead = "skill_progress:started"
local channelRex = rex.new("^\\s*(?:channel|channe|chann)\\s+'([a-z ]+)'", "ci")
local bashRex = rex.new("^\\s*(bash|bas)", "ci")
local backstabRex = rex.new("^\\s*(backstab|backsta|backst|backs|back|bac|ba)", "ci")
local chargeRex = rex.new("^\\s*(charge|charg|char)", "ci")

local skills = {
  armor = 5,
  blind = 10,
  call_lightning = 10,
  change_weather = 10,
  chill = 5,
  contagion = 15,
  create_fog = 10,
  create_food = 5,
  create_phantom_object = 10,
  create_water = 5,
  cure_blindness = 10,
  cure_critical_wounds = 25,
  cure_fear = 10,
  cure_light_wounds = 5,
  cure_poison = 20,
  cure_serious_wounds = 15,
  deafen = 5,
  earthquake = 8,
  elemental_staff = nil,
  fear = 13,
  fireball = 13,
  flame_strike = 9,
  freeze = 10,
  gate = 50,
  hailstorm = 9,
  hammer_of_air = 9,
  heal = 50,
  hurricane = 15,
  ice_spikes = 13,
  incinerate = 25,
  light_ball = 5,
  locate_life = 15,
  locate_object = 15,
  poison = 15,
  refresh = 20,
  remove_contagion = 20,
  remove_warding = 20,
  sense_warding = 5,
  shield = nil,
  silence = 2,
  sleep = 25,
  slice_weaves = 7,
  slow = 13,
  sonic_boom = 13,
  strength = 15,
  sword_of_flame = 14,
  travel = 20,
  ward_object = 10,
  warding_vs_damage = 25,
  warding_vs_evil = 10,
  whirlpool = 13,
  bash = 13,
  backstab = 15,
  charge = 7
}

function skill_progress:init()
  self.label = self.label or Geyser.Label:new({
    name = "skill_progress.label", width = 100, height = 100, x = "50%-50px", y = "50%-50px"
  })
  
  self.label:hide()
  self.label:setAlignment("center")
  self.label:setStyleSheet([[
    background-color: rgba(127,127,127,.75);
    border-radius: '50px';
    border-color: '#cccccc';
    border-width: 0px;
    border-style: solid;
  ]])
  
  registerAnonymousEventHandler("sysWindowResizeEvent", "skill_progress:sysWindowResizeEvent")
  registerAnonymousEventHandler("sysDataSendRequest", "skill_progress:sysDataSendRequest")
end

function skill_progress:commandSent(command)
  if command == "" then
    return
  end

  local key = rex.match(command, channelRex)
  key = key or rex.match(command, bashRex) and "bash"
  key = key or rex.match(command, backstabRex) and "backstab"
  key = key or rex.match(command, chargeRex) and "charge"
  key = key and key:gsub(" ", "_"):lower()
  
  if key and skills[key] then
    self.next = key
    return true
  else
    self.next = nil
    return false
  end
end

function skill_progress:validateSkill()  
  if not self.next then
    self:setTriggerLines(0, true)
    self.skill = nil
    self.totalPulses = nil
    self.pulses = nil
    return false
  end
  return true
end

function skill_progress:skillStarted()    
  self:setTriggerLines(10, true)
  selectString(string.rep(" ", 21), 1)
  replace("")

  self.skill = self.next
  self.totalPulses = skills[self.next]
  self.pulses = 0  
end

function skill_progress:skillPulsed(pulseStr)
  self:setTriggerLines(10)
  deleteLine()
  echo(pulseStr)
  
  local count = pulseStr:len()
  for i = 1, count do
    self.pulses = self.pulses + 1
    if self.pulses % 10 == 5 then
      self.pulses = self.pulses + 1 --hidden pulse
    end
  end
  
  local delta = self.totalPulses - self.pulses
  if self.skill ~= "charge" then
    delta = math.max(delta, 0)
  end
  
  self:showGlyph(delta)
end

function skill_progress:skillEnded(code)
  self:setTriggerLines(0)
  self:showGlyph(code)
end

function skill_progress:showGlyph(code)
  if type(code) == "number" then
    self.label:setFont("Bitstream Vera Sans Mono")
    self.label:setFontSize(36)
    self.label:setBold(true)
    if self.totalPulses - self.pulses &lt;= 3 then
      self.label:setFgColor("yellow")
    else
      self.label:setFgColor("white")
    end
    self.label:echo(tostring(code))
    
  elseif code == "succeeded" then
    self.label:setFont("Font Awesome 6 Free Solid")
    self.label:setFontSize(40)
    self.label:setBold(true)
    self.label:setFgColor("green")
    self.label:echo(utf8.char(0xf00c))
    
  elseif code == "failed" then
    self.label:setFont("Font Awesome 6 Free Solid")
    self.label:setFontSize(40)
    self.label:setBold(true)
    self.label:setFgColor("red")
    self.label:echo(utf8.char(0xf00d))
    
  elseif code == "interupted" then
    self.label:setFont("Font Awesome 6 Free Solid")
    self.label:setFontSize(40)
    self.label:setBold(true)
    self.label:setFgColor("red")
    self.label:echo(utf8.char(0xe4dc))
    
  elseif code == "canceled" then
    self.label:setFont("Font Awesome 6 Free Solid")
    self.label:setFontSize(40)
    self.label:setBold(true)
    self.label:setFgColor("orange")
    self.label:echo(utf8.char(0xf05e))
    
  elseif code == "locked" then
    self.label:setFont("Font Awesome 6 Free Solid")
    self.label:setFontSize(40)
    self.label:setBold(true)
    self.label:setFgColor("orange")
    self.label:echo(utf8.char(0xf023))
  
  elseif code == "missing_target" then
    self.label:setFont("Font Awesome 6 Free Solid")
    self.label:setFontSize(40)
    self.label:setBold(true)
    self.label:setFgColor("orange")
    self.label:echo(utf8.char(0x3f))
    
  else
    self.label:setFont("Bitstream Vera Sans Mono")
    self.label:setFontSize(18)
    self.label:setBold(true)
    self.label:setFgColor("red")
    self.label:echo("Error")
  end
  
  self.label:move(self.x, self.y)
  self.label:show()
  
  killTimer(self.hideTimer or 0)
  self.hideTimer = tempTimer(2, function()
    self.label:hide()
  end)
end

function skill_progress:setTriggerLines(lines, defer)
  if not defer then
    setTriggerStayOpen(triggerHead, lines)
  else
    tempTimer(0, function()
      setTriggerStayOpen(triggerHead, lines)
    end)
  end
end

function skill_progress:sysWindowResizeEvent(_, x, y, name)
  if name == "main" then
    self.x = x / 2 - self.w / 2
    self.y = y - self.h - 25
  end
end

function skill_progress:sysDataSendRequest(_, command)
  self:commandSent(command)
end

skill_progress:init()</script>
				<eventHandlerList />
			</ScriptGroup>
		</ScriptGroup>
	</ScriptPackage>
	<KeyPackage />
	<VariablePackage>
		<HiddenVariables />
	</VariablePackage>
</MudletPackage>
